<?xml version="1.0" encoding="UTF-8"?>
<project-private xmlns="http://www.netbeans.org/ns/project-private/1">
    <editor-bookmarks xmlns="http://www.netbeans.org/ns/editor-bookmarks/2" lastBookmarkId="0"/>
    <open-files xmlns="http://www.netbeans.org/ns/projectui-open-files/2">
        <group>
            <file>file:/C:/Users/irfan/Documents/Development/Tugas%20Projecty/IndeonesianTrain/src/indeonesiantrain/KoneksiIT.java</file>
            <file>file:/C:/Users/irfan/Documents/Development/Tugas%20Projecty/IndeonesianTrain/src/indeonesiantrain/InputDataIT.java</file>
            <file>file:/C:/Users/irfan/Documents/Development/Tugas%20Projecty/IndeonesianTrain/src/indeonesiantrain/HomeIT.java</file>
            <file>file:/C:/Users/irfan/Documents/Development/Tugas%20Projecty/IndeonesianTrain/src/indeonesiantrain/JadwalIT.java</file>
            <file>file:/C:/Users/irfan/Documents/Development/Tugas%20Projecty/IndeonesianTrain/src/indeonesiantrain/AdminIT.java</file>
            <file>file:/C:/Users/irfan/Documents/Development/Tugas%20Projecty/IndeonesianTrain/src/indeonesiantrain/DataPenumpangIT.java</file>
            <file>file:/C:/Users/irfan/Documents/Development/Tugas%20Projecty/IndeonesianTrain/src/indeonesiantrain/FirstIT.java</file>
            <file>file:/C:/Users/irfan/Documents/Development/Tugas%20Projecty/IndeonesianTrain/src/indeonesiantrain/DaftarIT.java</file>
        </group>
    </open-files>
</project-private>
